value,currency
8.06253255172414,NOK
24.5700524846743,CZK
0.654226091954023,GBP
121.031281528736,JPY
1130.51239525096,KRW
1.43417777777778,NZD
55.0252472413793,MKD
3.8795980651341,ILS
3.76751346743295,PLN
279.05754164751,HUF
0.901214003831418,EUR
4.00290517241379,RON
1.33162116858238,AUD
1.76063007662835,BGN
6.72183013409962,DKK
8.43000547318008,SEK
131.608582028736,ISK
653.708716383142,CLP
0.962769885057471,CHF
2.7229795210728,TRY
6.97666666666667,HRK
